{
  "meta": {
    "data_version": "1.1.0",
    "created": "2024-02-13",
    "revision": 1
  },
  "info": {
    "balls_per_over": 6,
    "city": "Sharjah",
    "dates": [
      "2024-02-11"
    ],
    "event": {
      "name": "International League T20",
      "match_number": 30
    },
    "gender": "male",
    "match_type": "T20",
    "officials": {
      "match_referees": [
        "SJA Taufel"
      ],
      "reserve_umpires": [
        "Akbar Ali"
      ],
      "tv_umpires": [
        "P Wilson"
      ],
      "umpires": [
        "Aleem Dar",
        "RSA Palliyaguruge"
      ]
    },
    "outcome": {
      "winner": "Desert Vipers",
      "by": {
        "wickets": 6
      }
    },
    "overs": 20,
    "player_of_match": [
      "NA Sowter"
    ],
    "players": {
      "Sharjah Warriors": [
        "N Dickwella",
        "T Kohler-Cadmore",
        "LWP Wells",
        "MJ Guptill",
        "JL Denly",
        "SC Williams",
        "DR Sams",
        "CR Woakes",
        "MRJ Watt",
        "AU Rashid",
        "Junaid Siddique",
        "Nilansh Keswani"
      ],
      "Desert Vipers": [
        "Mohammad Amir",
        "PD Salt",
        "AD Hales",
        "DW Lawrence",
        "C Munro",
        "LD Chandimal",
        "SM Curran",
        "Ali Naseer",
        "Rohan Mustafa",
        "MA Jones",
        "NA Sowter",
        "M Pathirana"
      ]
    },
    "registry": {
      "people": {
        "AD Hales": "92aeac25",
        "AU Rashid": "249d60c9",
        "Akbar Ali": "e753931d",
        "Aleem Dar": "f02778d1",
        "Ali Naseer": "f5715b48",
        "C Munro": "af2c687b",
        "CR Woakes": "4c5d73db",
        "DR Sams": "caf69bf7",
        "DW Lawrence": "4b685e2d",
        "JL Denly": "bdadf7da",
        "Junaid Siddique": "84dc72db",
        "LD Chandimal": "8dd02a98",
        "LWP Wells": "1957c6b7",
        "M Pathirana": "64839cb3",
        "MA Jones": "05f96194",
        "MJ Guptill": "2be41edb",
        "MRJ Watt": "1252f71a",
        "Mohammad Amir": "e174dadd",
        "N Dickwella": "45963d9e",
        "NA Sowter": "ee0c05c0",
        "Nilansh Keswani": "424a7994",
        "P Wilson": "68304a36",
        "PD Salt": "3d284ca3",
        "RSA Palliyaguruge": "4339c19d",
        "Rohan Mustafa": "d1988788",
        "SC Williams": "afe57f7a",
        "SJA Taufel": "4b43d5ac",
        "SM Curran": "e94915e6",
        "T Kohler-Cadmore": "f836b33d"
      }
    },
    "season": "2023/24",
    "team_type": "club",
    "teams": [
      "Sharjah Warriors",
      "Desert Vipers"
    ],
    "toss": {
      "decision": "field",
      "winner": "Desert Vipers"
    },
    "venue": "Sharjah Cricket Stadium"
  },
  "innings": [
    {
      "team": "Sharjah Warriors",
      "overs": [
        {
          "over": 0,
          "deliveries": [
            {
              "batter": "N Dickwella",
              "bowler": "Mohammad Amir",
              "non_striker": "T Kohler-Cadmore",
              "runs": {
                "batter": 1,
                "extras": 0,
                "total": 1
              }
            },
            {
              "batter": "T Kohler-Cadmore",
              "bowler": "Mohammad Amir",
              "non_striker": "N Dickwella",
              "runs": {
                "batter": 1,
                "extras": 0,
                "total": 1
              }
            },
            {
              "batter": "N Dickwella",
              "bowler": "Mohammad Amir",
              "non_striker": "T Kohler-Cadmore",
              "runs": {
                "batter": 0,
                "extras": 0,
                "total": 0
              }
            },
            {
              "batter": "N Dickwella",
              "bowler": "Mohammad Amir",
              "non_striker": "T Kohler-Cadmore",
              "runs": {
                "batter": 2,
                "extras": 0,
                "total": 2
              }
            },
            {
              "batter": "N Dickwella",
              "bowler": "Mohammad Amir",
              "non_striker": "T Kohler-Cadmore",
              "runs": {
                "batter": 0,
                "extras": 0,
                "total": 0
              }
            },
            {
              "batter": "N Dickwella",
              "bowler": "Mohammad Amir",
              "non_striker": "T Kohler-Cadmore",
              "runs": {
                "batter": 1,
                "extras": 0,
                "total": 1
              }
            }
          ]
        },
        {
          "over": 1,
          "deliveries": [
            {
              "batter": "N Dickwella",
              "bowler": "DW Lawrence",
              "non_striker": "T Kohler-Cadmore",
              "runs": {
                "batter": 0,
                "extras": 0,
                "total": 0
              }
            },
            {
              "batter": "N Dickwella",
              "bowler": "DW Lawrence",
              "non_striker": "T Kohler-Cadmore",
              "runs": {
                "batter": 0,
                "extras": 0,
                "total": 0
              }
            },
            {
              "batter": "N Dickwella",
              "bowler": "DW Lawrence",
              "non_striker": "T Kohler-Cadmore",
              "runs": {
                "batter": 0,
                "extras": 0,
                "total": 0
              }
            },
            {
              "batter": "N Dickwella",
              "bowler": "DW Lawrence",
              "non_striker": "T Kohler-Cadmore",
              "runs": {
                "batter": 4,
                "extras": 0,
                "total": 4
              }
            },
            {
              "batter": "N Dickwella",
              "bowler": "DW Lawrence",
              "extras": {
                "wides": 1
              },
              "non_striker": "T Kohler-Cadmore",
              "runs": {
                "batter": 0,
                "extras": 1,
                "total": 1
              }
            },
            {
              "batter": "N Dickwella",
              "bowler": "DW Lawrence",
              "non_striker": "T Kohler-Cadmore",
              "runs": {
                "batter": 4,
                "extras": 0,
                "total": 4
              }
            },
            {
              "batter": "N Dickwella",
              "bowler": "DW Lawrence",
              "non_striker": "T Kohler-Cadmore",
              "runs": {
                "batter": 4,
                "extras": 0,
                "total": 4
              }
            }
          ]
        },
        {
          "over": 2,
          "deliveries": [
            {
              "batter": "T Kohler-Cadmore",
              "bowler": "Mohammad Amir",
              "non_striker": "N Dickwella",
              "runs": {
                "batter": 0,
                "extras": 0,
                "total": 0
              }
            },
            {
              "batter": "T Kohler-Cadmore",
              "bowler": "Mohammad Amir",
              "non_striker": "N Dickwella",
              "runs": {
                "batter": 0,
                "extras": 0,
                "total": 0
              }
            },
            {
              "batter": "T Kohler-Cadmore",
              "bowler": "Mohammad Amir",
              "non_striker": "N Dickwella",
              "runs": {
                "batter": 1,
                "extras": 0,
                "total": 1
              }
            },
            {
              "batter": "N Dickwella",
              "bowler": "Mohammad Amir",
              "non_striker": "T Kohler-Cadmore",
              "runs": {
                "batter": 3,
                "extras": 0,
                "total": 3
              }
            },
            {
              "batter": "T Kohler-Cadmore",
              "bowler": "Mohammad Amir",
              "non_striker": "N Dickwella",
              "runs": {
                "batter": 0,
                "extras": 0,
                "total": 0
              }
            },
            {
              "batter": "T Kohler-Cadmore",
              "bowler": "Mohammad Amir",
              "non_striker": "N Dickwella",
              "runs": {
                "batter": 1,
                "extras": 0,
                "total": 1
              }
            }
          ]
        },
        {
          "over": 3,
          "deliveries": [
            {
              "batter": "T Kohler-Cadmore",
              "bowler": "SM Curran",
              "non_striker": "N Dickwella",
              "runs": {
                "batter": 0,
                "extras": 0,
                "total": 0
              }
            },
            {
              "batter": "T Kohler-Cadmore",
              "bowler": "SM Curran",
              "non_striker": "N Dickwella",
              "runs": {
                "batter": 1,
                "extras": 0,
                "total": 1
              }
            },
            {
              "batter": "N Dickwella",
              "bowler": "SM Curran",
              "non_striker": "T Kohler-Cadmore",
              "runs": {
                "batter": 0,
                "extras": 0,
                "total": 0
              }
            },
            {
              "batter": "N Dickwella",
              "bowler": "SM Curran",
              "non_striker": "T Kohler-Cadmore",
              "runs": {
                "batter": 0,
                "extras": 0,
                "total": 0
              }
            },
            {
              "batter": "N Dickwella",
              "bowler": "SM Curran",
              "non_striker": "T Kohler-Cadmore",
              "runs": {
                "batter": 1,
                "extras": 0,
                "total": 1
              }
            },
            {
              "batter": "T Kohler-Cadmore",
              "bowler": "SM Curran",
              "non_striker": "N Dickwella",
              "runs": {
                "batter": 0,
                "extras": 0,
                "total": 0
              },
              "wickets": [
                {
                  "player_out": "T Kohler-Cadmore",
                  "kind": "bowled"
                }
              ]
            }
          ]
        },
        {
          "over": 4,
          "deliveries": [
            {
              "batter": "N Dickwella",
              "bowler": "DW Lawrence",
              "non_striker": "LWP Wells",
              "runs": {
                "batter": 0,
                "extras": 0,
                "total": 0
              },
              "wickets": [
                {
                  "player_out": "N Dickwella",
                  "kind": "bowled"
                }
              ]
            },
            {
              "batter": "MJ Guptill",
              "bowler": "DW Lawrence",
              "non_striker": "LWP Wells",
              "runs": {
                "batter": 1,
                "extras": 0,
                "total": 1
              }
            },
            {
              "batter": "LWP Wells",
              "bowler": "DW Lawrence",
              "non_striker": "MJ Guptill",
              "runs": {
                "batter": 1,
                "extras": 0,
                "total": 1
              }
            },
            {
              "batter": "MJ Guptill",
              "bowler": "DW Lawrence",
              "non_striker": "LWP Wells",
              "runs": {
                "batter": 1,
                "extras": 0,
                "total": 1
              }
            },
            {
              "batter": "LWP Wells",
              "bowler": "DW Lawrence",
              "non_striker": "MJ Guptill",
              "runs": {
                "batter": 1,
                "extras": 0,
                "total": 1
              }
            },
            {
              "batter": "MJ Guptill",
              "bowler": "DW Lawrence",
              "non_striker": "LWP Wells",
              "runs": {
                "batter": 0,
                "extras": 0,
                "total": 0
              }
            }
          ]
        },
        {
          "over": 5,
          "deliveries": [
            {
              "batter": "LWP Wells",
              "bowler": "NA Sowter",
              "non_striker": "MJ Guptill",
              "runs": {
                "batter": 0,
                "extras": 0,
                "total": 0
              }
            },
            {
              "batter": "LWP Wells",
              "bowler": "NA Sowter",
              "non_striker": "MJ Guptill",
              "runs": {
                "batter": 1,
                "extras": 0,
                "total": 1
              }
            },
            {
              "batter": "MJ Guptill",
              "bowler": "NA Sowter",
              "non_striker": "LWP Wells",
              "runs": {
                "batter": 1,
                "extras": 0,
                "total": 1
              }
            },
            {
              "batter": "LWP Wells",
              "bowler": "NA Sowter",
              "non_striker": "MJ Guptill",
              "runs": {
                "batter": 2,
                "extras": 0,
                "total": 2
              }
            },
            {
              "batter": "LWP Wells",
              "bowler": "NA Sowter",
              "non_striker": "MJ Guptill",
              "runs": {
                "batter": 1,
                "extras": 0,
                "total": 1
              }
            },
            {
              "batter": "MJ Guptill",
              "bowler": "NA Sowter",
              "non_striker": "LWP Wells",
              "runs": {
                "batter": 1,
                "extras": 0,
                "total": 1
              }
            }
          ]
        },
        {
          "over": 6,
          "deliveries": [
            {
              "batter": "MJ Guptill",
              "bowler": "M Pathirana",
              "non_striker": "LWP Wells",
              "runs": {
                "batter": 1,
                "extras": 0,
                "total": 1
              }
            },
            {
              "batter": "LWP Wells",
              "bowler": "M Pathirana",
              "non_striker": "MJ Guptill",
              "runs": {
                "batter": 2,
                "extras": 0,
                "total": 2
              }
            },
            {
              "batter": "LWP Wells",
              "bowler": "M Pathirana",
              "non_striker": "MJ Guptill",
              "runs": {
                "batter": 1,
                "extras": 0,
                "total": 1
              }
            },
            {
              "batter": "MJ Guptill",
              "bowler": "M Pathirana",
              "non_striker": "LWP Wells",
              "runs": {
                "batter": 1,
                "extras": 0,
                "total": 1
              }
            },
            {
              "batter": "LWP Wells",
              "bowler": "M Pathirana",
              "non_striker": "MJ Guptill",
              "runs": {
                "batter": 1,
                "extras": 0,
                "total": 1
              }
            },
            {
              "batter": "MJ Guptill",
              "bowler": "M Pathirana",
              "non_striker": "LWP Wells",
              "runs": {
                "batter": 1,
                "extras": 0,
                "total": 1
              }
            }
          ]
        },
        {
          "over": 7,
          "deliveries": [
            {
              "batter": "MJ Guptill",
              "bowler": "Ali Naseer",
              "non_striker": "LWP Wells",
              "runs": {
                "batter": 1,
                "extras": 0,
                "total": 1
              }
            },
            {
              "batter": "LWP Wells",
              "bowler": "Ali Naseer",
              "non_striker": "MJ Guptill",
              "runs": {
                "batter": 2,
                "extras": 0,
                "total": 2
              }
            },
            {
              "batter": "LWP Wells",
              "bowler": "Ali Naseer",
              "non_striker": "MJ Guptill",
              "runs": {
                "batter": 1,
                "extras": 0,
                "total": 1
              }
            },
            {
              "batter": "MJ Guptill",
              "bowler": "Ali Naseer",
              "non_striker": "LWP Wells",
              "runs": {
                "batter": 1,
                "extras": 0,
                "total": 1
              }
            },
            {
              "batter": "LWP Wells",
              "bowler": "Ali Naseer",
              "non_striker": "MJ Guptill",
              "runs": {
                "batter": 2,
                "extras": 0,
                "total": 2
              }
            },
            {
              "batter": "LWP Wells",
              "bowler": "Ali Naseer",
              "non_striker": "MJ Guptill",
              "runs": {
                "batter": 1,
                "extras": 0,
                "total": 1
              }
            }
          ]
        },
        {
          "over": 8,
          "deliveries": [
            {
              "batter": "LWP Wells",
              "bowler": "NA Sowter",
              "non_striker": "MJ Guptill",
              "runs": {
                "batter": 0,
                "extras": 0,
                "total": 0
              }
            },
            {
              "batter": "LWP Wells",
              "bowler": "NA Sowter",
              "non_striker": "MJ Guptill",
              "runs": {
                "batter": 1,
                "extras": 0,
                "total": 1
              }
            },
            {
              "batter": "MJ Guptill",
              "bowler": "NA Sowter",
              "non_striker": "LWP Wells",
              "runs": {
                "batter": 0,
                "extras": 0,
                "total": 0
              }
            },
            {
              "batter": "MJ Guptill",
              "bowler": "NA Sowter",
              "non_striker": "LWP Wells",
              "runs": {
                "batter": 2,
                "extras": 0,
                "total": 2
              }
            },
            {
              "batter": "MJ Guptill",
              "bowler": "NA Sowter",
              "non_striker": "LWP Wells",
              "runs": {
                "batter": 0,
                "extras": 0,
                "total": 0
              },
              "wickets": [
                {
                  "player_out": "MJ Guptill",
                  "kind": "bowled"
                }
              ]
            },
            {
              "batter": "JL Denly",
              "bowler": "NA Sowter",
              "non_striker": "LWP Wells",
              "runs": {
                "batter": 0,
                "extras": 0,
                "total": 0
              }
            }
          ]
        },
        {
          "over": 9,
          "deliveries": [
            {
              "batter": "LWP Wells",
              "bowler": "SM Curran",
              "non_striker": "JL Denly",
              "runs": {
                "batter": 1,
                "extras": 0,
                "total": 1
              }
            },
            {
              "batter": "JL Denly",
              "bowler": "SM Curran",
              "non_striker": "LWP Wells",
              "runs": {
                "batter": 0,
                "extras": 0,
                "total": 0
              }
            },
            {
              "batter": "JL Denly",
              "bowler": "SM Curran",
              "non_striker": "LWP Wells",
              "runs": {
                "batter": 1,
                "extras": 0,
                "total": 1
              }
            },
            {
              "batter": "LWP Wells",
              "bowler": "SM Curran",
              "non_striker": "JL Denly",
              "runs": {
                "batter": 0,
                "extras": 0,
                "total": 0
              }
            },
            {
              "batter": "LWP Wells",
              "bowler": "SM Curran",
              "non_striker": "JL Denly",
              "runs": {
                "batter": 4,
                "extras": 0,
                "total": 4
              }
            },
            {
              "batter": "LWP Wells",
              "bowler": "SM Curran",
              "non_striker": "JL Denly",
              "runs": {
                "batter": 4,
                "extras": 0,
                "total": 4
              }
            }
          ]
        },
        {
          "over": 10,
          "deliveries": [
            {
              "batter": "JL Denly",
              "bowler": "NA Sowter",
              "non_striker": "LWP Wells",
              "runs": {
                "batter": 1,
                "extras": 0,
                "total": 1
              }
            },
            {
              "batter": "LWP Wells",
              "bowler": "NA Sowter",
              "non_striker": "JL Denly",
              "runs": {
                "batter": 1,
                "extras": 0,
                "total": 1
              }
            },
            {
              "batter": "JL Denly",
              "bowler": "NA Sowter",
              "non_striker": "LWP Wells",
              "runs": {
                "batter": 0,
                "extras": 0,
                "total": 0
              },
              "wickets": [
                {
                  "player_out": "JL Denly",
                  "fielders": [
                    {
                      "name": "PD Salt"
                    }
                  ],
                  "kind": "caught"
                }
              ]
            },
            {
              "batter": "SC Williams",
              "bowler": "NA Sowter",
              "non_striker": "LWP Wells",
              "runs": {
                "batter": 1,
                "extras": 0,
                "total": 1
              }
            },
            {
              "batter": "LWP Wells",
              "bowler": "NA Sowter",
              "non_striker": "SC Williams",
              "runs": {
                "batter": 0,
                "extras": 0,
                "total": 0
              }
            },
            {
              "batter": "LWP Wells",
              "bowler": "NA Sowter",
              "non_striker": "SC Williams",
              "runs": {
                "batter": 0,
                "extras": 0,
                "total": 0
              }
            }
          ]
        },
        {
          "over": 11,
          "deliveries": [
            {
              "batter": "SC Williams",
              "bowler": "DW Lawrence",
              "non_striker": "LWP Wells",
              "runs": {
                "batter": 0,
                "extras": 0,
                "total": 0
              }
            },
            {
              "batter": "SC Williams",
              "bowler": "DW Lawrence",
              "non_striker": "LWP Wells",
              "runs": {
                "batter": 4,
                "extras": 0,
                "total": 4
              }
            },
            {
              "batter": "SC Williams",
              "bowler": "DW Lawrence",
              "non_striker": "LWP Wells",
              "runs": {
                "batter": 1,
                "extras": 0,
                "total": 1
              }
            },
            {
              "batter": "LWP Wells",
              "bowler": "DW Lawrence",
              "non_striker": "SC Williams",
              "runs": {
                "batter": 1,
                "extras": 0,
                "total": 1
              }
            },
            {
              "batter": "SC Williams",
              "bowler": "DW Lawrence",
              "non_striker": "LWP Wells",
              "runs": {
                "batter": 1,
                "extras": 0,
                "total": 1
              }
            },
            {
              "batter": "LWP Wells",
              "bowler": "DW Lawrence",
              "non_striker": "SC Williams",
              "runs": {
                "batter": 0,
                "extras": 0,
                "total": 0
              }
            }
          ]
        },
        {
          "over": 12,
          "deliveries": [
            {
              "batter": "SC Williams",
              "bowler": "M Pathirana",
              "non_striker": "LWP Wells",
              "runs": {
                "batter": 1,
                "extras": 0,
                "total": 1
              }
            },
            {
              "batter": "LWP Wells",
              "bowler": "M Pathirana",
              "non_striker": "SC Williams",
              "runs": {
                "batter": 1,
                "extras": 0,
                "total": 1
              }
            },
            {
              "batter": "SC Williams",
              "bowler": "M Pathirana",
              "non_striker": "LWP Wells",
              "runs": {
                "batter": 0,
                "extras": 0,
                "total": 0
              }
            },
            {
              "batter": "SC Williams",
              "bowler": "M Pathirana",
              "non_striker": "LWP Wells",
              "runs": {
                "batter": 1,
                "extras": 0,
                "total": 1
              }
            },
            {
              "batter": "LWP Wells",
              "bowler": "M Pathirana",
              "extras": {
                "wides": 1
              },
              "non_striker": "SC Williams",
              "runs": {
                "batter": 0,
                "extras": 1,
                "total": 1
              }
            },
            {
              "batter": "LWP Wells",
              "bowler": "M Pathirana",
              "non_striker": "SC Williams",
              "runs": {
                "batter": 1,
                "extras": 0,
                "total": 1
              }
            },
            {
              "batter": "SC Williams",
              "bowler": "M Pathirana",
              "non_striker": "LWP Wells",
              "runs": {
                "batter": 4,
                "extras": 0,
                "total": 4
              }
            }
          ]
        },
        {
          "over": 13,
          "deliveries": [
            {
              "batter": "LWP Wells",
              "bowler": "NA Sowter",
              "non_striker": "SC Williams",
              "runs": {
                "batter": 1,
                "extras": 0,
                "total": 1
              }
            },
            {
              "batter": "SC Williams",
              "bowler": "NA Sowter",
              "non_striker": "LWP Wells",
              "runs": {
                "batter": 6,
                "extras": 0,
                "total": 6
              }
            },
            {
              "batter": "SC Williams",
              "bowler": "NA Sowter",
              "non_striker": "LWP Wells",
              "runs": {
                "batter": 1,
                "extras": 0,
                "total": 1
              }
            },
            {
              "batter": "LWP Wells",
              "bowler": "NA Sowter",
              "non_striker": "SC Williams",
              "runs": {
                "batter": 0,
                "extras": 0,
                "total": 0
              },
              "wickets": [
                {
                  "player_out": "LWP Wells",
                  "kind": "caught and bowled"
                }
              ]
            },
            {
              "batter": "DR Sams",
              "bowler": "NA Sowter",
              "non_striker": "SC Williams",
              "runs": {
                "batter": 1,
                "extras": 0,
                "total": 1
              }
            },
            {
              "batter": "SC Williams",
              "bowler": "NA Sowter",
              "non_striker": "DR Sams",
              "runs": {
                "batter": 0,
                "extras": 0,
                "total": 0
              }
            }
          ]
        },
        {
          "over": 14,
          "deliveries": [
            {
              "batter": "DR Sams",
              "bowler": "SM Curran",
              "non_striker": "SC Williams",
              "runs": {
                "batter": 1,
                "extras": 0,
                "total": 1
              }
            },
            {
              "batter": "SC Williams",
              "bowler": "SM Curran",
              "non_striker": "DR Sams",
              "runs": {
                "batter": 1,
                "extras": 0,
                "total": 1
              }
            },
            {
              "batter": "DR Sams",
              "bowler": "SM Curran",
              "non_striker": "SC Williams",
              "runs": {
                "batter": 2,
                "extras": 0,
                "total": 2
              }
            },
            {
              "batter": "DR Sams",
              "bowler": "SM Curran",
              "non_striker": "SC Williams",
              "runs": {
                "batter": 6,
                "extras": 0,
                "total": 6
              }
            },
            {
              "batter": "DR Sams",
              "bowler": "SM Curran",
              "non_striker": "SC Williams",
              "runs": {
                "batter": 0,
                "extras": 0,
                "total": 0
              }
            },
            {
              "batter": "DR Sams",
              "bowler": "SM Curran",
              "non_striker": "SC Williams",
              "runs": {
                "batter": 2,
                "extras": 0,
                "total": 2
              }
            }
          ]
        },
        {
          "over": 15,
          "deliveries": [
            {
              "batter": "SC Williams",
              "bowler": "M Pathirana",
              "non_striker": "DR Sams",
              "runs": {
                "batter": 1,
                "extras": 0,
                "total": 1
              }
            },
            {
              "batter": "DR Sams",
              "bowler": "M Pathirana",
              "non_striker": "SC Williams",
              "runs": {
                "batter": 1,
                "extras": 0,
                "total": 1
              }
            },
            {
              "batter": "SC Williams",
              "bowler": "M Pathirana",
              "non_striker": "DR Sams",
              "runs": {
                "batter": 1,
                "extras": 0,
                "total": 1
              }
            },
            {
              "batter": "DR Sams",
              "bowler": "M Pathirana",
              "non_striker": "SC Williams",
              "runs": {
                "batter": 1,
                "extras": 0,
                "total": 1
              }
            },
            {
              "batter": "SC Williams",
              "bowler": "M Pathirana",
              "non_striker": "DR Sams",
              "runs": {
                "batter": 0,
                "extras": 0,
                "total": 0
              },
              "wickets": [
                {
                  "player_out": "SC Williams",
                  "fielders": [
                    {
                      "name": "SM Curran"
                    }
                  ],
                  "kind": "caught"
                }
              ]
            },
            {
              "batter": "CR Woakes",
              "bowler": "M Pathirana",
              "non_striker": "DR Sams",
              "runs": {
                "batter": 1,
                "extras": 0,
                "total": 1
              }
            }
          ]
        },
        {
          "over": 16,
          "deliveries": [
            {
              "batter": "CR Woakes",
              "bowler": "SM Curran",
              "non_striker": "DR Sams",
              "runs": {
                "batter": 1,
                "extras": 0,
                "total": 1
              }
            },
            {
              "batter": "DR Sams",
              "bowler": "SM Curran",
              "non_striker": "CR Woakes",
              "runs": {
                "batter": 1,
                "extras": 0,
                "total": 1
              }
            },
            {
              "batter": "CR Woakes",
              "bowler": "SM Curran",
              "non_striker": "DR Sams",
              "runs": {
                "batter": 0,
                "extras": 0,
                "total": 0
              }
            },
            {
              "batter": "CR Woakes",
              "bowler": "SM Curran",
              "non_striker": "DR Sams",
              "runs": {
                "batter": 1,
                "extras": 0,
                "total": 1
              }
            },
            {
              "batter": "DR Sams",
              "bowler": "SM Curran",
              "extras": {
                "wides": 1
              },
              "non_striker": "CR Woakes",
              "runs": {
                "batter": 0,
                "extras": 1,
                "total": 1
              }
            },
            {
              "batter": "DR Sams",
              "bowler": "SM Curran",
              "non_striker": "CR Woakes",
              "runs": {
                "batter": 0,
                "extras": 0,
                "total": 0
              },
              "wickets": [
                {
                  "player_out": "DR Sams",
                  "fielders": [
                    {
                      "name": "Rohan Mustafa"
                    }
                  ],
                  "kind": "caught"
                }
              ]
            },
            {
              "batter": "MRJ Watt",
              "bowler": "SM Curran",
              "non_striker": "CR Woakes",
              "replacements": {
                "match": [
                  {
                    "in": "MRJ Watt",
                    "out": "MJ Guptill",
                    "team": "Sharjah Warriors",
                    "reason": "impact_player"
                  }
                ]
              },
              "runs": {
                "batter": 1,
                "extras": 0,
                "total": 1
              }
            }
          ]
        },
        {
          "over": 17,
          "deliveries": [
            {
              "batter": "MRJ Watt",
              "bowler": "M Pathirana",
              "non_striker": "CR Woakes",
              "runs": {
                "batter": 1,
                "extras": 0,
                "total": 1
              }
            },
            {
              "batter": "CR Woakes",
              "bowler": "M Pathirana",
              "extras": {
                "legbyes": 1
              },
              "non_striker": "MRJ Watt",
              "runs": {
                "batter": 0,
                "extras": 1,
                "total": 1
              }
            },
            {
              "batter": "MRJ Watt",
              "bowler": "M Pathirana",
              "non_striker": "CR Woakes",
              "runs": {
                "batter": 0,
                "extras": 0,
                "total": 0
              }
            },
            {
              "batter": "MRJ Watt",
              "bowler": "M Pathirana",
              "extras": {
                "wides": 2
              },
              "non_striker": "CR Woakes",
              "runs": {
                "batter": 0,
                "extras": 2,
                "total": 2
              }
            },
            {
              "batter": "CR Woakes",
              "bowler": "M Pathirana",
              "non_striker": "MRJ Watt",
              "runs": {
                "batter": 2,
                "extras": 0,
                "total": 2
              }
            },
            {
              "batter": "CR Woakes",
              "bowler": "M Pathirana",
              "extras": {
                "wides": 2
              },
              "non_striker": "MRJ Watt",
              "runs": {
                "batter": 0,
                "extras": 2,
                "total": 2
              }
            },
            {
              "batter": "MRJ Watt",
              "bowler": "M Pathirana",
              "non_striker": "CR Woakes",
              "runs": {
                "batter": 0,
                "extras": 0,
                "total": 0
              },
              "wickets": [
                {
                  "player_out": "MRJ Watt",
                  "kind": "bowled"
                }
              ]
            },
            {
              "batter": "AU Rashid",
              "bowler": "M Pathirana",
              "non_striker": "CR Woakes",
              "runs": {
                "batter": 0,
                "extras": 0,
                "total": 0
              },
              "wickets": [
                {
                  "player_out": "AU Rashid",
                  "kind": "bowled"
                }
              ]
            }
          ]
        }
      ],
      "powerplays": [
        {
          "from": 0.1,
          "to": 4.6,
          "type": "mandatory"
        }
      ]
    },
    {
      "team": "Desert Vipers",
      "overs": [
        {
          "over": 0,
          "deliveries": [
            {
              "batter": "PD Salt",
              "bowler": "CR Woakes",
              "non_striker": "AD Hales",
              "replacements": {
                "match": [
                  {
                    "in": "AD Hales",
                    "out": "Mohammad Amir",
                    "team": "Desert Vipers",
                    "reason": "impact_player"
                  }
                ]
              },
              "runs": {
                "batter": 4,
                "extras": 0,
                "total": 4
              }
            },
            {
              "batter": "PD Salt",
              "bowler": "CR Woakes",
              "non_striker": "AD Hales",
              "runs": {
                "batter": 1,
                "extras": 0,
                "total": 1
              }
            },
            {
              "batter": "AD Hales",
              "bowler": "CR Woakes",
              "extras": {
                "wides": 1
              },
              "non_striker": "PD Salt",
              "runs": {
                "batter": 0,
                "extras": 1,
                "total": 1
              }
            },
            {
              "batter": "AD Hales",
              "bowler": "CR Woakes",
              "non_striker": "PD Salt",
              "runs": {
                "batter": 0,
                "extras": 0,
                "total": 0
              }
            },
            {
              "batter": "AD Hales",
              "bowler": "CR Woakes",
              "non_striker": "PD Salt",
              "runs": {
                "batter": 0,
                "extras": 0,
                "total": 0
              }
            },
            {
              "batter": "AD Hales",
              "bowler": "CR Woakes",
              "non_striker": "PD Salt",
              "runs": {
                "batter": 1,
                "extras": 0,
                "total": 1
              }
            },
            {
              "batter": "PD Salt",
              "bowler": "CR Woakes",
              "non_striker": "AD Hales",
              "runs": {
                "batter": 6,
                "extras": 0,
                "total": 6
              }
            }
          ]
        },
        {
          "over": 1,
          "deliveries": [
            {
              "batter": "AD Hales",
              "bowler": "MRJ Watt",
              "non_striker": "PD Salt",
              "runs": {
                "batter": 0,
                "extras": 0,
                "total": 0
              }
            },
            {
              "batter": "AD Hales",
              "bowler": "MRJ Watt",
              "non_striker": "PD Salt",
              "runs": {
                "batter": 0,
                "extras": 0,
                "total": 0
              }
            },
            {
              "batter": "AD Hales",
              "bowler": "MRJ Watt",
              "non_striker": "PD Salt",
              "runs": {
                "batter": 1,
                "extras": 0,
                "total": 1
              }
            },
            {
              "batter": "PD Salt",
              "bowler": "MRJ Watt",
              "non_striker": "AD Hales",
              "review": {
                "by": "Sharjah Warriors",
                "umpire": "Aleem Dar",
                "batter": "PD Salt",
                "decision": "struck down",
                "type": "wicket"
              },
              "runs": {
                "batter": 0,
                "extras": 0,
                "total": 0
              }
            },
            {
              "batter": "PD Salt",
              "bowler": "MRJ Watt",
              "non_striker": "AD Hales",
              "runs": {
                "batter": 4,
                "extras": 0,
                "total": 4
              }
            },
            {
              "batter": "PD Salt",
              "bowler": "MRJ Watt",
              "non_striker": "AD Hales",
              "runs": {
                "batter": 4,
                "extras": 0,
                "total": 4
              }
            }
          ]
        },
        {
          "over": 2,
          "deliveries": [
            {
              "batter": "AD Hales",
              "bowler": "DR Sams",
              "non_striker": "PD Salt",
              "runs": {
                "batter": 6,
                "extras": 0,
                "total": 6
              }
            },
            {
              "batter": "AD Hales",
              "bowler": "DR Sams",
              "non_striker": "PD Salt",
              "runs": {
                "batter": 6,
                "extras": 0,
                "total": 6
              }
            },
            {
              "batter": "AD Hales",
              "bowler": "DR Sams",
              "non_striker": "PD Salt",
              "runs": {
                "batter": 0,
                "extras": 0,
                "total": 0
              }
            },
            {
              "batter": "AD Hales",
              "bowler": "DR Sams",
              "extras": {
                "legbyes": 1
              },
              "non_striker": "PD Salt",
              "runs": {
                "batter": 0,
                "extras": 1,
                "total": 1
              }
            },
            {
              "batter": "PD Salt",
              "bowler": "DR Sams",
              "non_striker": "AD Hales",
              "runs": {
                "batter": 1,
                "extras": 0,
                "total": 1
              }
            },
            {
              "batter": "AD Hales",
              "bowler": "DR Sams",
              "extras": {
                "byes": 4
              },
              "non_striker": "PD Salt",
              "runs": {
                "batter": 0,
                "extras": 4,
                "total": 4
              }
            }
          ]
        },
        {
          "over": 3,
          "deliveries": [
            {
              "batter": "PD Salt",
              "bowler": "SC Williams",
              "non_striker": "AD Hales",
              "runs": {
                "batter": 0,
                "extras": 0,
                "total": 0
              }
            },
            {
              "batter": "PD Salt",
              "bowler": "SC Williams",
              "non_striker": "AD Hales",
              "runs": {
                "batter": 6,
                "extras": 0,
                "total": 6
              }
            },
            {
              "batter": "PD Salt",
              "bowler": "SC Williams",
              "non_striker": "AD Hales",
              "runs": {
                "batter": 0,
                "extras": 0,
                "total": 0
              }
            },
            {
              "batter": "PD Salt",
              "bowler": "SC Williams",
              "non_striker": "AD Hales",
              "runs": {
                "batter": 4,
                "extras": 0,
                "total": 4
              }
            },
            {
              "batter": "PD Salt",
              "bowler": "SC Williams",
              "non_striker": "AD Hales",
              "runs": {
                "batter": 0,
                "extras": 0,
                "total": 0
              },
              "wickets": [
                {
                  "player_out": "PD Salt",
                  "kind": "bowled"
                }
              ]
            },
            {
              "batter": "DW Lawrence",
              "bowler": "SC Williams",
              "non_striker": "AD Hales",
              "runs": {
                "batter": 0,
                "extras": 0,
                "total": 0
              }
            }
          ]
        },
        {
          "over": 4,
          "deliveries": [
            {
              "batter": "AD Hales",
              "bowler": "MRJ Watt",
              "non_striker": "DW Lawrence",
              "runs": {
                "batter": 1,
                "extras": 0,
                "total": 1
              }
            },
            {
              "batter": "DW Lawrence",
              "bowler": "MRJ Watt",
              "non_striker": "AD Hales",
              "runs": {
                "batter": 0,
                "extras": 0,
                "total": 0
              }
            },
            {
              "batter": "DW Lawrence",
              "bowler": "MRJ Watt",
              "non_striker": "AD Hales",
              "runs": {
                "batter": 6,
                "extras": 0,
                "total": 6
              }
            },
            {
              "batter": "DW Lawrence",
              "bowler": "MRJ Watt",
              "non_striker": "AD Hales",
              "runs": {
                "batter": 1,
                "extras": 0,
                "total": 1
              }
            },
            {
              "batter": "AD Hales",
              "bowler": "MRJ Watt",
              "non_striker": "DW Lawrence",
              "runs": {
                "batter": 0,
                "extras": 0,
                "total": 0
              }
            },
            {
              "batter": "AD Hales",
              "bowler": "MRJ Watt",
              "non_striker": "DW Lawrence",
              "runs": {
                "batter": 6,
                "extras": 0,
                "total": 6
              }
            }
          ]
        },
        {
          "over": 5,
          "deliveries": [
            {
              "batter": "DW Lawrence",
              "bowler": "Junaid Siddique",
              "non_striker": "AD Hales",
              "runs": {
                "batter": 0,
                "extras": 0,
                "total": 0
              }
            },
            {
              "batter": "DW Lawrence",
              "bowler": "Junaid Siddique",
              "non_striker": "AD Hales",
              "runs": {
                "batter": 0,
                "extras": 0,
                "total": 0
              }
            },
            {
              "batter": "DW Lawrence",
              "bowler": "Junaid Siddique",
              "non_striker": "AD Hales",
              "runs": {
                "batter": 0,
                "extras": 0,
                "total": 0
              },
              "wickets": [
                {
                  "player_out": "DW Lawrence",
                  "fielders": [
                    {
                      "name": "Nilansh Keswani"
                    }
                  ],
                  "kind": "caught"
                }
              ]
            },
            {
              "batter": "C Munro",
              "bowler": "Junaid Siddique",
              "non_striker": "AD Hales",
              "runs": {
                "batter": 0,
                "extras": 0,
                "total": 0
              }
            },
            {
              "batter": "C Munro",
              "bowler": "Junaid Siddique",
              "non_striker": "AD Hales",
              "runs": {
                "batter": 1,
                "extras": 0,
                "total": 1
              }
            },
            {
              "batter": "AD Hales",
              "bowler": "Junaid Siddique",
              "non_striker": "C Munro",
              "runs": {
                "batter": 0,
                "extras": 0,
                "total": 0
              },
              "wickets": [
                {
                  "player_out": "AD Hales",
                  "kind": "bowled"
                }
              ]
            }
          ]
        },
        {
          "over": 6,
          "deliveries": [
            {
              "batter": "C Munro",
              "bowler": "AU Rashid",
              "non_striker": "LD Chandimal",
              "runs": {
                "batter": 1,
                "extras": 0,
                "total": 1
              }
            },
            {
              "batter": "LD Chandimal",
              "bowler": "AU Rashid",
              "non_striker": "C Munro",
              "runs": {
                "batter": 1,
                "extras": 0,
                "total": 1
              }
            },
            {
              "batter": "C Munro",
              "bowler": "AU Rashid",
              "non_striker": "LD Chandimal",
              "runs": {
                "batter": 1,
                "extras": 0,
                "total": 1
              }
            },
            {
              "batter": "LD Chandimal",
              "bowler": "AU Rashid",
              "non_striker": "C Munro",
              "runs": {
                "batter": 1,
                "extras": 0,
                "total": 1
              }
            },
            {
              "batter": "C Munro",
              "bowler": "AU Rashid",
              "non_striker": "LD Chandimal",
              "runs": {
                "batter": 1,
                "extras": 0,
                "total": 1
              }
            },
            {
              "batter": "LD Chandimal",
              "bowler": "AU Rashid",
              "non_striker": "C Munro",
              "runs": {
                "batter": 1,
                "extras": 0,
                "total": 1
              }
            }
          ]
        },
        {
          "over": 7,
          "deliveries": [
            {
              "batter": "LD Chandimal",
              "bowler": "Junaid Siddique",
              "non_striker": "C Munro",
              "runs": {
                "batter": 4,
                "extras": 0,
                "total": 4
              }
            },
            {
              "batter": "LD Chandimal",
              "bowler": "Junaid Siddique",
              "non_striker": "C Munro",
              "runs": {
                "batter": 1,
                "extras": 0,
                "total": 1
              }
            },
            {
              "batter": "C Munro",
              "bowler": "Junaid Siddique",
              "non_striker": "LD Chandimal",
              "runs": {
                "batter": 4,
                "extras": 0,
                "total": 4
              }
            },
            {
              "batter": "C Munro",
              "bowler": "Junaid Siddique",
              "non_striker": "LD Chandimal",
              "runs": {
                "batter": 1,
                "extras": 0,
                "total": 1
              }
            },
            {
              "batter": "LD Chandimal",
              "bowler": "Junaid Siddique",
              "non_striker": "C Munro",
              "runs": {
                "batter": 4,
                "extras": 0,
                "total": 4
              }
            },
            {
              "batter": "LD Chandimal",
              "bowler": "Junaid Siddique",
              "non_striker": "C Munro",
              "runs": {
                "batter": 1,
                "extras": 0,
                "total": 1
              }
            }
          ]
        },
        {
          "over": 8,
          "deliveries": [
            {
              "batter": "LD Chandimal",
              "bowler": "AU Rashid",
              "non_striker": "C Munro",
              "runs": {
                "batter": 1,
                "extras": 0,
                "total": 1
              }
            },
            {
              "batter": "C Munro",
              "bowler": "AU Rashid",
              "non_striker": "LD Chandimal",
              "runs": {
                "batter": 1,
                "extras": 0,
                "total": 1
              }
            },
            {
              "batter": "LD Chandimal",
              "bowler": "AU Rashid",
              "non_striker": "C Munro",
              "runs": {
                "batter": 1,
                "extras": 0,
                "total": 1
              }
            },
            {
              "batter": "C Munro",
              "bowler": "AU Rashid",
              "non_striker": "LD Chandimal",
              "runs": {
                "batter": 1,
                "extras": 0,
                "total": 1
              }
            },
            {
              "batter": "LD Chandimal",
              "bowler": "AU Rashid",
              "non_striker": "C Munro",
              "runs": {
                "batter": 0,
                "extras": 0,
                "total": 0
              }
            },
            {
              "batter": "LD Chandimal",
              "bowler": "AU Rashid",
              "non_striker": "C Munro",
              "runs": {
                "batter": 0,
                "extras": 0,
                "total": 0
              }
            }
          ]
        },
        {
          "over": 9,
          "deliveries": [
            {
              "batter": "C Munro",
              "bowler": "LWP Wells",
              "non_striker": "LD Chandimal",
              "runs": {
                "batter": 1,
                "extras": 0,
                "total": 1
              }
            },
            {
              "batter": "LD Chandimal",
              "bowler": "LWP Wells",
              "non_striker": "C Munro",
              "runs": {
                "batter": 0,
                "extras": 0,
                "total": 0
              }
            },
            {
              "batter": "LD Chandimal",
              "bowler": "LWP Wells",
              "non_striker": "C Munro",
              "runs": {
                "batter": 0,
                "extras": 0,
                "total": 0
              }
            },
            {
              "batter": "LD Chandimal",
              "bowler": "LWP Wells",
              "non_striker": "C Munro",
              "runs": {
                "batter": 1,
                "extras": 0,
                "total": 1
              }
            },
            {
              "batter": "C Munro",
              "bowler": "LWP Wells",
              "non_striker": "LD Chandimal",
              "runs": {
                "batter": 2,
                "extras": 0,
                "total": 2
              }
            },
            {
              "batter": "C Munro",
              "bowler": "LWP Wells",
              "non_striker": "LD Chandimal",
              "runs": {
                "batter": 1,
                "extras": 0,
                "total": 1
              }
            }
          ]
        },
        {
          "over": 10,
          "deliveries": [
            {
              "batter": "C Munro",
              "bowler": "AU Rashid",
              "non_striker": "LD Chandimal",
              "runs": {
                "batter": 6,
                "extras": 0,
                "total": 6
              }
            },
            {
              "batter": "C Munro",
              "bowler": "AU Rashid",
              "non_striker": "LD Chandimal",
              "runs": {
                "batter": 1,
                "extras": 0,
                "total": 1
              }
            },
            {
              "batter": "LD Chandimal",
              "bowler": "AU Rashid",
              "non_striker": "C Munro",
              "runs": {
                "batter": 1,
                "extras": 0,
                "total": 1
              }
            },
            {
              "batter": "C Munro",
              "bowler": "AU Rashid",
              "non_striker": "LD Chandimal",
              "runs": {
                "batter": 1,
                "extras": 0,
                "total": 1
              }
            },
            {
              "batter": "LD Chandimal",
              "bowler": "AU Rashid",
              "non_striker": "C Munro",
              "runs": {
                "batter": 0,
                "extras": 0,
                "total": 0
              }
            },
            {
              "batter": "LD Chandimal",
              "bowler": "AU Rashid",
              "non_striker": "C Munro",
              "runs": {
                "batter": 4,
                "extras": 0,
                "total": 4
              }
            }
          ]
        },
        {
          "over": 11,
          "deliveries": [
            {
              "batter": "C Munro",
              "bowler": "SC Williams",
              "non_striker": "LD Chandimal",
              "runs": {
                "batter": 1,
                "extras": 0,
                "total": 1
              }
            },
            {
              "batter": "LD Chandimal",
              "bowler": "SC Williams",
              "non_striker": "C Munro",
              "runs": {
                "batter": 1,
                "extras": 0,
                "total": 1
              }
            },
            {
              "batter": "C Munro",
              "bowler": "SC Williams",
              "non_striker": "LD Chandimal",
              "runs": {
                "batter": 1,
                "extras": 0,
                "total": 1
              }
            },
            {
              "batter": "LD Chandimal",
              "bowler": "SC Williams",
              "non_striker": "C Munro",
              "runs": {
                "batter": 1,
                "extras": 0,
                "total": 1
              }
            },
            {
              "batter": "C Munro",
              "bowler": "SC Williams",
              "non_striker": "LD Chandimal",
              "runs": {
                "batter": 1,
                "extras": 0,
                "total": 1
              }
            },
            {
              "batter": "LD Chandimal",
              "bowler": "SC Williams",
              "non_striker": "C Munro",
              "runs": {
                "batter": 0,
                "extras": 0,
                "total": 0
              }
            }
          ]
        },
        {
          "over": 12,
          "deliveries": [
            {
              "batter": "C Munro",
              "bowler": "Nilansh Keswani",
              "non_striker": "LD Chandimal",
              "runs": {
                "batter": 0,
                "extras": 0,
                "total": 0
              }
            },
            {
              "batter": "C Munro",
              "bowler": "Nilansh Keswani",
              "extras": {
                "wides": 1
              },
              "non_striker": "LD Chandimal",
              "runs": {
                "batter": 0,
                "extras": 1,
                "total": 1
              }
            },
            {
              "batter": "C Munro",
              "bowler": "Nilansh Keswani",
              "non_striker": "LD Chandimal",
              "runs": {
                "batter": 1,
                "extras": 0,
                "total": 1
              },
              "wickets": [
                {
                  "player_out": "C Munro",
                  "fielders": [
                    {
                      "name": "N Dickwella"
                    },
                    {
                      "name": "DR Sams"
                    }
                  ],
                  "kind": "run out"
                }
              ]
            },
            {
              "batter": "SM Curran",
              "bowler": "Nilansh Keswani",
              "non_striker": "LD Chandimal",
              "runs": {
                "batter": 1,
                "extras": 0,
                "total": 1
              }
            },
            {
              "batter": "LD Chandimal",
              "bowler": "Nilansh Keswani",
              "non_striker": "SM Curran",
              "runs": {
                "batter": 1,
                "extras": 0,
                "total": 1
              }
            },
            {
              "batter": "SM Curran",
              "bowler": "Nilansh Keswani",
              "non_striker": "LD Chandimal",
              "runs": {
                "batter": 6,
                "extras": 0,
                "total": 6
              }
            }
          ]
        }
      ],
      "powerplays": [
        {
          "from": 0.1,
          "to": 4.6,
          "type": "mandatory"
        }
      ],
      "target": {
        "overs": 18,
        "runs": 122
      }
    }
  ]
}